t_ms,Vc_V,ic_mA
0.000000,0.00000000,0.50000000
0.100050,0.01249063,0.49875094
0.200100,0.02495005,0.49750500
0.300150,0.03737835,0.49626217
0.400200,0.04977559,0.49502244
0.500250,0.06214187,0.49378581
0.600300,0.07447726,0.49255227
0.700350,0.08678183,0.49132182
0.800400,0.09905567,0.49009443
0.900450,0.11129884,0.48887012
1.000500,0.12351143,0.48764886
1.100550,0.13569351,0.48643065
1.200600,0.14784515,0.48521548
1.300650,0.15996644,0.48400336
1.400700,0.17205745,0.48279425
1.500750,0.18411826,0.48158817
1.600800,0.19614893,0.48038511
1.700850,0.20814955,0.47918504
1.800900,0.22012019,0.47798798
1.900950,0.23206093,0.47679391
2.001001,0.24397184,0.47560282
2.101051,0.25585299,0.47441470
2.201101,0.26770447,0.47322955
2.301151,0.27952633,0.47204737
2.401201,0.29131867,0.47086813
2.501251,0.30308154,0.46969185
2.601301,0.31481503,0.46851850
2.701351,0.32651921,0.46734808
2.801401,0.33819415,0.46618059
2.901451,0.34983992,0.46501601
3.001501,0.36145660,0.46385434
3.101551,0.37304427,0.46269557
3.201601,0.38460298,0.46153970
3.301651,0.39613282,0.46038672
3.401701,0.40763386,0.45923661
3.501751,0.41910616,0.45808938
3.601801,0.43054981,0.45694502
3.701851,0.44196486,0.45580351
3.801901,0.45335141,0.45466486
3.901951,0.46470950,0.45352905
4.002001,0.47603923,0.45239608
4.102051,0.48734065,0.45126594
4.202101,0.49861383,0.45013862
4.302151,0.50985886,0.44901411
4.402201,0.52107579,0.44789242
4.502251,0.53226471,0.44677353
4.602301,0.54342567,0.44565743
4.702351,0.55455875,0.44454413
4.802401,0.56566402,0.44343360
4.902451,0.57674154,0.44232585
5.002501,0.58779140,0.44122086
5.102551,0.59881365,0.44011864
5.202601,0.60980836,0.43901916
5.302651,0.62077561,0.43792244
5.402701,0.63171546,0.43682845
5.502751,0.64262798,0.43573720
5.602801,0.65351324,0.43464868
5.702851,0.66437131,0.43356287
5.802901,0.67520225,0.43247977
5.902951,0.68600614,0.43139939
6.003002,0.69678303,0.43032170
6.103052,0.70753301,0.42924670
6.203102,0.71825613,0.42817439
6.303152,0.72895246,0.42710475
6.403202,0.73962207,0.42603779
6.503252,0.75026503,0.42497350
6.603302,0.76088140,0.42391186
6.703352,0.77147124,0.42285288
6.803402,0.78203464,0.42179654
6.903452,0.79257164,0.42074284
7.003502,0.80308233,0.41969177
7.103552,0.81356675,0.41864332
7.203602,0.82402499,0.41759750
7.303652,0.83445709,0.41655429
7.403702,0.84486314,0.41551369
7.503752,0.85524319,0.41447568
7.603802,0.86559731,0.41344027
7.703852,0.87592557,0.41240744
7.803902,0.88622802,0.41137720
7.903952,0.89650474,0.41034953
8.004002,0.90675578,0.40932442
8.104052,0.91698122,0.40830188
8.204102,0.92718111,0.40728189
8.304152,0.93735552,0.40626445
8.404202,0.94750452,0.40524955
8.504252,0.95762816,0.40423718
8.604302,0.96772651,0.40322735
8.704352,0.97779963,0.40222004
8.804402,0.98784759,0.40121524
8.904452,0.99787045,0.40021295
9.004502,1.00786827,0.39921317
9.104552,1.01784112,0.39821589
9.204602,1.02778905,0.39722110
9.304652,1.03771213,0.39622879
9.404702,1.04761042,0.39523896
9.504752,1.05748398,0.39425160
9.604802,1.06733288,0.39326671
9.704852,1.07715717,0.39228428
9.804902,1.08695693,0.39130431
9.904952,1.09673220,0.39032678
10.005003,1.10648305,0.38935170
10.105053,1.11620954,0.38837905
10.205103,1.12591174,0.38740883
10.305153,1.13558969,0.38644103
10.405203,1.14524347,0.38547565
10.505253,1.15487314,0.38451269
10.605303,1.16447874,0.38355213
10.705353,1.17406036,0.38259396
10.805403,1.18361803,0.38163820
10.905453,1.19315183,0.38068482
11.005503,1.20266182,0.37973382
11.105553,1.21214804,0.37878520
11.205603,1.22161057,0.37783894
11.305653,1.23104946,0.37689505
11.405703,1.24046477,0.37595352
11.505753,1.24985656,0.37501434
11.605803,1.25922489,0.37407751
11.705853,1.26856981,0.37314302
11.805903,1.27789139,0.37221086
11.905953,1.28718968,0.37128103
12.006003,1.29646475,0.37035353
12.106053,1.30571664,0.36942834
12.206103,1.31494542,0.36850546
12.306153,1.32415115,0.36758488
12.406203,1.33333388,0.36666661
12.506253,1.34249367,0.36575063
12.606303,1.35163058,0.36483694
12.706353,1.36074466,0.36392553
12.806403,1.36983598,0.36301640
12.906453,1.37890458,0.36210954
13.006503,1.38795053,0.36120495
13.106553,1.39697388,0.36030261
13.206603,1.40597469,0.35940253
13.306653,1.41495302,0.35850470
13.406703,1.42390891,0.35760911
13.506753,1.43284244,0.35671576
13.606803,1.44175364,0.35582464
13.706853,1.45064259,0.35493574
13.806903,1.45950933,0.35404907
13.906953,1.46835391,0.35316461
14.007004,1.47717641,0.35228236
14.107054,1.48597686,0.35140231
14.207104,1.49475533,0.35052447
14.307154,1.50351187,0.34964881
14.407204,1.51224654,0.34877535
14.507254,1.52095938,0.34790406
14.607304,1.52965046,0.34703495
14.707354,1.53831983,0.34616802
14.807404,1.54696754,0.34530325
14.907454,1.55559364,0.34444064
15.007504,1.56419820,0.34358018
15.107554,1.57278126,0.34272187
15.207604,1.58134289,0.34186571
15.307654,1.58988312,0.34101169
15.407704,1.59840202,0.34015980
15.507754,1.60689963,0.33931004
15.607804,1.61537602,0.33846240
15.707854,1.62383124,0.33761688
15.807904,1.63226533,0.33677347
15.907954,1.64067835,0.33593216
16.008004,1.64907036,0.33509296
16.108054,1.65744140,0.33425586
16.208104,1.66579153,0.33342085
16.308154,1.67412080,0.33258792
16.408204,1.68242926,0.33175707
16.508254,1.69071697,0.33092830
16.608304,1.69898397,0.33010160
16.708354,1.70723032,0.32927697
16.808404,1.71545607,0.32845439
16.908454,1.72366127,0.32763387
17.008504,1.73184598,0.32681540
17.108554,1.74001024,0.32599898
17.208604,1.74815410,0.32518459
17.308654,1.75627762,0.32437224
17.408704,1.76438084,0.32356192
17.508754,1.77246382,0.32275362
17.608804,1.78052661,0.32194734
17.708854,1.78856926,0.32114307
17.808904,1.79659181,0.32034082
17.908954,1.80459433,0.31954057
18.009005,1.81257685,0.31874231
18.109055,1.82053943,0.31794606
18.209105,1.82848212,0.31715179
18.309155,1.83640497,0.31635950
18.409205,1.84430803,0.31556920
18.509255,1.85219134,0.31478087
18.609305,1.86005496,0.31399450
18.709355,1.86789894,0.31321011
18.809405,1.87572332,0.31242767
18.909455,1.88352815,0.31164718
19.009505,1.89131349,0.31086865
19.109555,1.89907938,0.31009206
19.209605,1.90682586,0.30931741
19.309655,1.91455300,0.30854470
19.409705,1.92226083,0.30777392
19.509755,1.92994941,0.30700506
19.609805,1.93761878,0.30623812
19.709855,1.94526899,0.30547310
19.809905,1.95290009,0.30470999
19.909955,1.96051213,0.30394879
20.010005,1.96810515,0.30318949
20.110055,1.97567920,0.30243208
20.210105,1.98323433,0.30167657
20.310155,1.99077059,0.30092294
20.410205,1.99828802,0.30017120
20.510255,2.00578668,0.29942133
20.610305,2.01326659,0.29867334
20.710355,2.02072783,0.29792722
20.810405,2.02817042,0.29718296
20.910455,2.03559442,0.29644056
21.010505,2.04299988,0.29570001
21.110555,2.05038684,0.29496132
21.210605,2.05775534,0.29422447
21.310655,2.06510544,0.29348946
21.410705,2.07243717,0.29275628
21.510755,2.07975059,0.29202494
21.610805,2.08704574,0.29129543
21.710855,2.09432266,0.29056773
21.810905,2.10158141,0.28984186
21.910955,2.10882202,0.28911780
22.011006,2.11604454,0.28839555
22.111056,2.12324902,0.28767510
22.211106,2.13043551,0.28695645
22.311156,2.13760404,0.28623960
22.411206,2.14475466,0.28552453
22.511256,2.15188742,0.28481126
22.611306,2.15900236,0.28409976
22.711356,2.16609953,0.28339005
22.811406,2.17317897,0.28268210
22.911456,2.18024072,0.28197593
23.011506,2.18728483,0.28127152
23.111556,2.19431135,0.28056887
23.211606,2.20132031,0.27986797
23.311656,2.20831176,0.27916882
23.411706,2.21528575,0.27847143
23.511756,2.22224231,0.27777577
23.611806,2.22918150,0.27708185
23.711856,2.23610335,0.27638967
23.811906,2.24300791,0.27569921
23.911956,2.24989522,0.27501048
24.012006,2.25676533,0.27432347
24.112056,2.26361827,0.27363817
24.212106,2.27045409,0.27295459
24.312156,2.27727284,0.27227272
24.412206,2.28407455,0.27159254
24.512256,2.29085927,0.27091407
24.612306,2.29762705,0.27023730
24.712356,2.30437791,0.26956221
24.812406,2.31111191,0.26888881
24.912456,2.31782909,0.26821709
25.012506,2.32452949,0.26754705
25.112556,2.33121315,0.26687868
25.212606,2.33788011,0.26621199
25.312656,2.34453042,0.26554696
25.412706,2.35116412,0.26488359
25.512756,2.35778124,0.26422188
25.612806,2.36438183,0.26356182
25.712856,2.37096594,0.26290341
25.812906,2.37753359,0.26224664
25.912956,2.38408484,0.26159152
26.013007,2.39061973,0.26093803
26.113057,2.39713829,0.26028617
26.213107,2.40364056,0.25963594
26.313157,2.41012659,0.25898734
26.413207,2.41659642,0.25834036
26.513257,2.42305008,0.25769499
26.613307,2.42948763,0.25705124
26.713357,2.43590909,0.25640909
26.813407,2.44231451,0.25576855
26.913457,2.44870393,0.25512961
27.013507,2.45507738,0.25449226
27.113557,2.46143492,0.25385651
27.213607,2.46777657,0.25322234
27.313657,2.47410238,0.25258976
27.413707,2.48041239,0.25195876
27.513757,2.48670664,0.25132934
27.613807,2.49298516,0.25070148
27.713857,2.49924799,0.25007520
27.813907,2.50549518,0.24945048
27.913957,2.51172677,0.24882732
28.014007,2.51794279,0.24820572
28.114057,2.52414328,0.24758567
28.214107,2.53032828,0.24696717
28.314157,2.53649783,0.24635022
28.414207,2.54265196,0.24573480
28.514257,2.54879073,0.24512093
28.614307,2.55491415,0.24450858
28.714357,2.56102228,0.24389777
28.814407,2.56711515,0.24328848
28.914457,2.57319281,0.24268072
29.014507,2.57925527,0.24207447
29.114557,2.58530260,0.24146974
29.214607,2.59133481,0.24086652
29.314657,2.59735196,0.24026480
29.414707,2.60335408,0.23966459
29.514757,2.60934120,0.23906588
29.614807,2.61531336,0.23846866
29.714857,2.62127061,0.23787294
29.814907,2.62721297,0.23727870
29.914957,2.63314049,0.23668595
30.015008,2.63905320,0.23609468
30.115058,2.64495114,0.23550489
30.215108,2.65083435,0.23491657
30.315158,2.65670286,0.23432971
30.415208,2.66255671,0.23374433
30.515258,2.66839593,0.23316041
30.615308,2.67422057,0.23257794
30.715358,2.68003066,0.23199693
30.815408,2.68582623,0.23141738
30.915458,2.69160733,0.23083927
31.015508,2.69737398,0.23026260
31.115558,2.70312623,0.22968738
31.215608,2.70886411,0.22911359
31.315658,2.71458765,0.22854123
31.415708,2.72029690,0.22797031
31.515758,2.72599188,0.22740081
31.615808,2.73167264,0.22683274
31.715858,2.73733920,0.22626608
31.815908,2.74299161,0.22570084
31.915958,2.74862990,0.22513701
32.016008,2.75425411,0.22457459
32.116058,2.75986426,0.22401357
32.216108,2.76546040,0.22345396
32.316158,2.77104256,0.22289574
32.416208,2.77661077,0.22233892
32.516258,2.78216508,0.22178349
32.616308,2.78770551,0.22122945
32.716358,2.79323210,0.22067679
32.816408,2.79874488,0.22012551
32.916458,2.80424389,0.21957561
33.016508,2.80972916,0.21902708
33.116558,2.81520073,0.21847993
33.216608,2.82065864,0.21793414
33.316658,2.82610290,0.21738971
33.416708,2.83153357,0.21684664
33.516758,2.83695067,0.21630493
33.616808,2.84235424,0.21576458
33.716858,2.84774431,0.21522557
33.816908,2.85312091,0.21468791
33.916958,2.85848408,0.21415159
34.017009,2.86383386,0.21361661
34.117059,2.86917027,0.21308297
34.217109,2.87449335,0.21255067
34.317159,2.87980313,0.21201969
34.417209,2.88509965,0.21149004
34.517259,2.89038293,0.21096171
34.617309,2.89565302,0.21043470
34.717359,2.90090994,0.20990901
34.817409,2.90615373,0.20938463
34.917459,2.91138442,0.20886156
35.017509,2.91660204,0.20833980
35.117559,2.92180663,0.20781934
35.217609,2.92699822,0.20730018
35.317659,2.93217684,0.20678232
35.417709,2.93734252,0.20626575
35.517759,2.94249529,0.20575047
35.617809,2.94763520,0.20523648
35.717859,2.95276226,0.20472377
35.817909,2.95787652,0.20421235
35.917959,2.96297800,0.20370220
36.018009,2.96806673,0.20319333
36.118059,2.97314276,0.20268572
36.218109,2.97820610,0.20217939
36.318159,2.98325680,0.20167432
36.418209,2.98829487,0.20117051
36.518259,2.99332036,0.20066796
36.618309,2.99833330,0.20016667
36.718359,3.00333371,0.19966663
36.818409,3.00832164,0.19916784
36.918459,3.01329710,0.19867029
37.018509,3.01826013,0.19817399
37.118559,3.02321076,0.19767892
37.218609,3.02814903,0.19718510
37.318659,3.03307496,0.19669250
37.418709,3.03798859,0.19620114
37.518759,3.04288994,0.19571101
37.618809,3.04777904,0.19522210
37.718859,3.05265593,0.19473441
37.818909,3.05752064,0.19424794
37.918959,3.06237320,0.19376268
38.019010,3.06721363,0.19327864
38.119060,3.07204198,0.19279580
38.219110,3.07685826,0.19231417
38.319160,3.08166250,0.19183375
38.419210,3.08645475,0.19135452
38.519260,3.09123503,0.19087650
38.619310,3.09600336,0.19039966
38.719360,3.10075978,0.18992402
38.819410,3.10550432,0.18944957
38.919460,3.11023701,0.18897630
39.019510,3.11495787,0.18850421
39.119560,3.11966695,0.18803331
39.219610,3.12436425,0.18756357
39.319660,3.12904983,0.18709502
39.419710,3.13372369,0.18662763
39.519760,3.13838588,0.18616141
39.619810,3.14303643,0.18569636
39.719860,3.14767536,0.18523246
39.819910,3.15230270,0.18476973
39.919960,3.15691847,0.18430815
40.020010,3.16152272,0.18384773
40.120060,3.16611547,0.18338845
40.220110,3.17069674,0.18293033
40.320160,3.17526657,0.18247334
40.420210,3.17982498,0.18201750
40.520260,3.18437201,0.18156280
40.620310,3.18890767,0.18110923
40.720360,3.19343201,0.18065680
40.820410,3.19794504,0.18020550
40.920460,3.20244680,0.17975532
41.020510,3.20693731,0.17930627
41.120560,3.21141661,0.17885834
41.220610,3.21588471,0.17841153
41.320660,3.22034166,0.17796583
41.420710,3.22478747,0.17752125
41.520760,3.22922217,0.17707778
41.620810,3.23364579,0.17663542
41.720860,3.23805837,0.17619416
41.820910,3.24245992,0.17575401
41.920960,3.24685047,0.17531495
42.021011,3.25123006,0.17487699
42.121061,3.25559871,0.17444013
42.221111,3.25995644,0.17400436
42.321161,3.26430328,0.17356967
42.421211,3.26863927,0.17313607
42.521261,3.27296443,0.17270356
42.621311,3.27727878,0.17227212
42.721361,3.28158235,0.17184176
42.821411,3.28587517,0.17141248
42.921461,3.29015727,0.17098427
43.021511,3.29442867,0.17055713
43.121561,3.29868940,0.17013106
43.221611,3.30293949,0.16970605
43.321661,3.30717896,0.16928210
43.421711,3.31140784,0.16885922
43.521761,3.31562615,0.16843738
43.621811,3.31983393,0.16801661
43.721861,3.32403119,0.16759688
43.821911,3.32821797,0.16717820
43.921961,3.33239430,0.16676057
44.022011,3.33656018,0.16634398
44.122061,3.34071566,0.16592843
44.222111,3.34486076,0.16551392
44.322161,3.34899551,0.16510045
44.422211,3.35311992,0.16468801
44.522261,3.35723404,0.16427660
44.622311,3.36133787,0.16386621
44.722361,3.36543145,0.16345685
44.822411,3.36951481,0.16304852
44.922461,3.37358797,0.16264120
45.022511,3.37765095,0.16223491
45.122561,3.38170378,0.16182962
45.222611,3.38574649,0.16142535
45.322661,3.38977909,0.16102209
45.422711,3.39380163,0.16061984
45.522761,3.39781411,0.16021859
45.622811,3.40181657,0.15981834
45.722861,3.40580903,0.15941910
45.822911,3.40979152,0.15902085
45.922961,3.41376406,0.15862359
46.023012,3.41772668,0.15822733
46.123062,3.42167939,0.15783206
46.223112,3.42562224,0.15743778
46.323162,3.42955523,0.15704448
46.423212,3.43347840,0.15665216
46.523262,3.43739176,0.15626082
46.623312,3.44129535,0.15587046
46.723362,3.44518919,0.15548108
46.823412,3.44907331,0.15509267
46.923462,3.45294771,0.15470523
47.023512,3.45681244,0.15431876
47.123562,3.46066752,0.15393325
47.223612,3.46451297,0.15354870
47.323662,3.46834880,0.15316512
47.423712,3.47217506,0.15278249
47.523762,3.47599176,0.15240082
47.623812,3.47979892,0.15202011
47.723862,3.48359657,0.15164034
47.823912,3.48738474,0.15126153
47.923962,3.49116344,0.15088366
48.024012,3.49493270,0.15050673
48.124062,3.49869255,0.15013074
48.224112,3.50244300,0.14975570
48.324162,3.50618409,0.14938159
48.424212,3.50991583,0.14900842
48.524262,3.51363824,0.14863618
48.624312,3.51735136,0.14826486
48.724362,3.52105520,0.14789448
48.824412,3.52474979,0.14752502
48.924462,3.52843515,0.14715648
49.024512,3.53211131,0.14678887
49.124562,3.53577828,0.14642217
49.224612,3.53943608,0.14605639
49.324662,3.54308476,0.14569152
49.424712,3.54672431,0.14532757
49.524762,3.55035478,0.14496452
49.624812,3.55397617,0.14460238
49.724862,3.55758852,0.14424115
49.824912,3.56119184,0.14388082
49.924962,3.56478617,0.14352138
50.025013,3.56837151,0.14316285
50.125063,3.57194790,0.14280521
50.225113,3.57551535,0.14244846
50.325163,3.57907389,0.14209261
50.425213,3.58262354,0.14173765
50.525263,3.58616433,0.14138357
50.625313,3.58969627,0.14103037
50.725363,3.59321938,0.14067806
50.825413,3.59673369,0.14032663
50.925463,3.60023923,0.13997608
51.025513,3.60373601,0.13962640
51.125563,3.60722405,0.13927760
51.225613,3.61070338,0.13892966
51.325663,3.61417401,0.13858260
51.425713,3.61763598,0.13823640
51.525763,3.62108930,0.13789107
51.625813,3.62453399,0.13754660
51.725863,3.62797008,0.13720299
51.825913,3.63139758,0.13686024
51.925963,3.63481652,0.13651835
52.026013,3.63822692,0.13617731
52.126063,3.64162880,0.13583712
52.226113,3.64502218,0.13549778
52.326163,3.64840708,0.13515929
52.426213,3.65178353,0.13482165
52.526263,3.65515154,0.13448485
52.626313,3.65851114,0.13414889
52.726363,3.66186235,0.13381376
52.826413,3.66520519,0.13347948
52.926463,3.66853967,0.13314603
53.026513,3.67186583,0.13281342
53.126563,3.67518367,0.13248163
53.226613,3.67849323,0.13215068
53.326663,3.68179452,0.13182055
53.426713,3.68508756,0.13149124
53.526763,3.68837237,0.13116276
53.626813,3.69164898,0.13083510
53.726863,3.69491741,0.13050826
53.826913,3.69817767,0.13018223
53.926963,3.70142978,0.12985702
54.027014,3.70467377,0.12953262
54.127064,3.70790966,0.12920903
54.227114,3.71113747,0.12888625
54.327164,3.71435720,0.12856428
54.427214,3.71756890,0.12824311
54.527264,3.72077257,0.12792274
54.627314,3.72396824,0.12760318
54.727364,3.72715593,0.12728441
54.827414,3.73033566,0.12696643
54.927464,3.73350744,0.12664926
55.027514,3.73667129,0.12633287
55.127564,3.73982725,0.12601728
55.227614,3.74297532,0.12570247
55.327664,3.74611552,0.12538845
55.427714,3.74924788,0.12507521
55.527764,3.75237242,0.12476276
55.627814,3.75548915,0.12445109
55.727864,3.75859809,0.12414019
55.827914,3.76169927,0.12383007
55.927964,3.76479270,0.12352073
56.028014,3.76787840,0.12321216
56.128064,3.77095639,0.12290436
56.228114,3.77402670,0.12259733
56.328164,3.77708933,0.12229107
56.428214,3.78014432,0.12198557
56.528264,3.78319167,0.12168083
56.628314,3.78623141,0.12137686
56.728364,3.78926355,0.12107364
56.828414,3.79228812,0.12077119
56.928464,3.79530514,0.12046949
57.028514,3.79831462,0.12016854
57.128564,3.80131658,0.11986834
57.228614,3.80431104,0.11956890
57.328664,3.80729802,0.11927020
57.428714,3.81027754,0.11897225
57.528764,3.81324961,0.11867504
57.628814,3.81621427,0.11837857
57.728864,3.81917151,0.11808285
57.828914,3.82212137,0.11778786
57.928964,3.82506386,0.11749361
58.029015,3.82799899,0.11720010
58.129065,3.83092680,0.11690732
58.229115,3.83384729,0.11661527
58.329165,3.83676049,0.11632395
58.429215,3.83966640,0.11603336
58.529265,3.84256506,0.11574349
58.629315,3.84545648,0.11545435
58.729365,3.84834067,0.11516593
58.829415,3.85121766,0.11487823
58.929465,3.85408746,0.11459125
59.029515,3.85695010,0.11430499
59.129565,3.85980558,0.11401944
59.229615,3.86265393,0.11373461
59.329665,3.86549516,0.11345048
59.429715,3.86832929,0.11316707
59.529765,3.87115635,0.11288437
59.629815,3.87397634,0.11260237
59.729865,3.87678929,0.11232107
59.829915,3.87959521,0.11204048
59.929965,3.88239412,0.11176059
60.030015,3.88518604,0.11148140
60.130065,3.88797099,0.11120290
60.230115,3.89074897,0.11092510
60.330165,3.89352002,0.11064800
60.430215,3.89628415,0.11037159
60.530265,3.89904137,0.11009586
60.630315,3.90179170,0.10982083
60.730365,3.90453516,0.10954648
60.830415,3.90727177,0.10927282
60.930465,3.91000154,0.10899985
61.030515,3.91272449,0.10872755
61.130565,3.91544064,0.10845594
61.230615,3.91815001,0.10818500
61.330665,3.92085261,0.10791474
61.430715,3.92354845,0.10764515
61.530765,3.92623756,0.10737624
61.630815,3.92891995,0.10710800
61.730865,3.93159565,0.10684044
61.830915,3.93426465,0.10657353
61.930965,3.93692699,0.10630730
62.031016,3.93958268,0.10604173
62.131066,3.94223174,0.10577683
62.231116,3.94487418,0.10551258
62.331166,3.94751001,0.10524900
62.431216,3.95013926,0.10498607
62.531266,3.95276195,0.10472381
62.631316,3.95537808,0.10446219
62.731366,3.95798768,0.10420123
62.831416,3.96059075,0.10394092
62.931466,3.96318733,0.10368127
63.031516,3.96577742,0.10342226
63.131566,3.96836103,0.10316390
63.231616,3.97093820,0.10290618
63.331666,3.97350892,0.10264911
63.431716,3.97607322,0.10239268
63.531766,3.97863112,0.10213689
63.631816,3.98118263,0.10188174
63.731866,3.98372776,0.10162722
63.831916,3.98626654,0.10137335
63.931966,3.98879897,0.10112010
64.032016,3.99132508,0.10086749
64.132066,3.99384487,0.10061551
64.232116,3.99635837,0.10036416
64.332166,3.99886560,0.10011344
64.432216,4.00136656,0.09986334
64.532266,4.00386127,0.09961387
64.632316,4.00634975,0.09936503
64.732366,4.00883201,0.09911680
64.832416,4.01130807,0.09886919
64.932466,4.01377795,0.09862221
65.032516,4.01624165,0.09837583
65.132566,4.01869920,0.09813008
65.232616,4.02115062,0.09788494
65.332666,4.02359590,0.09764041
65.432716,4.02603508,0.09739649
65.532766,4.02846817,0.09715318
65.632816,4.03089518,0.09691048
65.732866,4.03331612,0.09666839
65.832916,4.03573102,0.09642690
65.932966,4.03813989,0.09618601
66.033017,4.04054273,0.09594573
66.133067,4.04293958,0.09570604
66.233117,4.04533043,0.09546696
66.333167,4.04771532,0.09522847
66.433217,4.05009424,0.09499058
66.533267,4.05246723,0.09475328
66.633317,4.05483428,0.09451657
66.733367,4.05719542,0.09428046
66.833417,4.05955067,0.09404493
66.933467,4.06190003,0.09381000
67.033517,4.06424352,0.09357565
67.133567,4.06658116,0.09334188
67.233617,4.06891295,0.09310870
67.333667,4.07123893,0.09287611
67.433717,4.07355909,0.09264409
67.533767,4.07587345,0.09241265
67.633817,4.07818204,0.09218180
67.733867,4.08048485,0.09195151
67.833917,4.08278192,0.09172181
67.933967,4.08507324,0.09149268
68.034017,4.08735884,0.09126412
68.134067,4.08963873,0.09103613
68.234117,4.09191293,0.09080871
68.334167,4.09418145,0.09058186
68.434217,4.09644429,0.09035557
68.534267,4.09870149,0.09012985
68.634317,4.10095305,0.08990470
68.734367,4.10319898,0.08968010
68.834417,4.10543930,0.08945607
68.934467,4.10767402,0.08923260
69.034517,4.10990317,0.08900968
69.134567,4.11212674,0.08878733
69.234617,4.11434476,0.08856552
69.334667,4.11655723,0.08834428
69.434717,4.11876419,0.08812358
69.534767,4.12096562,0.08790344
69.634817,4.12316156,0.08768384
69.734867,4.12535201,0.08746480
69.834917,4.12753699,0.08724630
69.934967,4.12971651,0.08702835
70.035018,4.13189059,0.08681094
70.135068,4.13405924,0.08659408
70.235118,4.13622247,0.08637775
70.335168,4.13838029,0.08616197
70.435218,4.14053272,0.08594673
70.535268,4.14267978,0.08573202
70.635318,4.14482147,0.08551785
70.735368,4.14695782,0.08530422
70.835418,4.14908882,0.08509112
70.935468,4.15121451,0.08487855
71.035518,4.15333488,0.08466651
71.135568,4.15544995,0.08445500
71.235618,4.15755974,0.08424403
71.335668,4.15966427,0.08403357
71.435718,4.16176353,0.08382365
71.535768,4.16385755,0.08361425
71.635818,4.16594634,0.08340537
71.735868,4.16802991,0.08319701
71.835918,4.17010827,0.08298917
71.935968,4.17218145,0.08278186
72.036018,4.17424944,0.08257506
72.136068,4.17631227,0.08236877
72.236118,4.17836994,0.08216301
72.336168,4.18042248,0.08195775
72.436218,4.18246989,0.08175301
72.536268,4.18451218,0.08154878
72.636318,4.18654937,0.08134506
72.736368,4.18858147,0.08114185
72.836418,4.19060850,0.08093915
72.936468,4.19263046,0.08073695
73.036518,4.19464737,0.08053526
73.136568,4.19665924,0.08033408
73.236618,4.19866608,0.08013339
73.336668,4.20066792,0.07993321
73.436718,4.20266475,0.07973353
73.536768,4.20465659,0.07953434
73.636818,4.20664346,0.07933565
73.736868,4.20862536,0.07913746
73.836918,4.21060232,0.07893977
73.936968,4.21257433,0.07874257
74.037019,4.21454142,0.07854586
74.137069,4.21650359,0.07834964
74.237119,4.21846086,0.07815391
74.337169,4.22041325,0.07795868
74.437219,4.22236075,0.07776392
74.537269,4.22430339,0.07756966
74.637319,4.22624118,0.07737588
74.737369,4.22817412,0.07718259
74.837419,4.23010224,0.07698978
74.937469,4.23202554,0.07679745
75.037519,4.23394404,0.07660560
75.137569,4.23585774,0.07641423
75.237619,4.23776667,0.07622333
75.337669,4.23967082,0.07603292
75.437719,4.24157022,0.07584298
75.537769,4.24346487,0.07565351
75.637819,4.24535479,0.07546452
75.737869,4.24723999,0.07527600
75.837919,4.24912048,0.07508795
75.937969,4.25099627,0.07490037
76.038019,4.25286737,0.07471326
76.138069,4.25473380,0.07452662
76.238119,4.25659557,0.07434044
76.338169,4.25845269,0.07415473
76.438219,4.26030517,0.07396948
76.538269,4.26215302,0.07378470
76.638319,4.26399625,0.07360037
76.738369,4.26583488,0.07341651
76.838419,4.26766892,0.07323311
76.938469,4.26949837,0.07305016
77.038519,4.27132326,0.07286767
77.138569,4.27314358,0.07268564
77.238619,4.27495936,0.07250406
77.338669,4.27677060,0.07232294
77.438719,4.27857732,0.07214227
77.538769,4.28037952,0.07196205
77.638819,4.28217723,0.07178228
77.738869,4.28397044,0.07160296
77.838919,4.28575917,0.07142408
77.938969,4.28754343,0.07124566
78.039020,4.28932324,0.07106768
78.139070,4.29109860,0.07089014
78.239120,4.29286952,0.07071305
78.339170,4.29463602,0.07053640
78.439220,4.29639811,0.07036019
78.539270,4.29815579,0.07018442
78.639320,4.29990909,0.07000909
78.739370,4.30165800,0.06983420
78.839420,4.30340255,0.06965975
78.939470,4.30514274,0.06948573
79.039520,4.30687858,0.06931214
79.139570,4.30861008,0.06913899
79.239620,4.31033726,0.06896627
79.339670,4.31206012,0.06879399
79.439720,4.31377868,0.06862213
79.539770,4.31549295,0.06845071
79.639820,4.31720293,0.06827971
79.739870,4.31890865,0.06810914
79.839920,4.32061010,0.06793899
79.939970,4.32230730,0.06776927
80.040020,4.32400026,0.06759997
80.140070,4.32568899,0.06743110
80.240120,4.32737351,0.06726265
80.340170,4.32905381,0.06709462
80.440220,4.33072992,0.06692701
80.540270,4.33240184,0.06675982
80.640320,4.33406958,0.06659304
80.740370,4.33573316,0.06642668
80.840420,4.33739258,0.06626074
80.940470,4.33904786,0.06609521
81.040520,4.34069900,0.06593010
81.140570,4.34234602,0.06576540
81.240620,4.34398892,0.06560111
81.340670,4.34562771,0.06543723
81.440720,4.34726242,0.06527376
81.540770,4.34889304,0.06511070
81.640820,4.35051959,0.06494804
81.740870,4.35214207,0.06478579
81.840920,4.35376050,0.06462395
81.940970,4.35537489,0.06446251
82.041021,4.35698524,0.06430148
82.141071,4.35859157,0.06414084
82.241121,4.36019389,0.06398061
82.341171,4.36179221,0.06382078
82.441221,4.36338653,0.06366135
82.541271,4.36497687,0.06350231
82.641321,4.36656324,0.06334368
82.741371,4.36814564,0.06318544
82.841421,4.36972409,0.06302759
82.941471,4.37129860,0.06287014
83.041521,4.37286917,0.06271308
83.141571,4.37443583,0.06255642
83.241621,4.37599856,0.06240014
83.341671,4.37755740,0.06224426
83.441721,4.37911234,0.06208877
83.541771,4.38066339,0.06193366
83.641821,4.38221057,0.06177894
83.741871,4.38375389,0.06162461
83.841921,4.38529335,0.06147067
83.941971,4.38682896,0.06131710
84.042021,4.38836074,0.06116393
84.142071,4.38988869,0.06101113
84.242121,4.39141282,0.06085872
84.342171,4.39293315,0.06070668
84.442221,4.39444968,0.06055503
84.542271,4.39596242,0.06040376
84.642321,4.39747138,0.06025286
84.742371,4.39897657,0.06010234
84.842421,4.40047801,0.05995220
84.942471,4.40197569,0.05980243
85.042521,4.40346963,0.05965304
85.142571,4.40495983,0.05950402
85.242621,4.40644632,0.05935537
85.342671,4.40792909,0.05920709
85.442721,4.40940816,0.05905918
85.542771,4.41088353,0.05891165
85.642821,4.41235522,0.05876448
85.742871,4.41382323,0.05861768
85.842921,4.41528757,0.05847124
85.942971,4.41674825,0.05832517
86.043022,4.41820529,0.05817947
86.143072,4.41965869,0.05803413
86.243122,4.42110845,0.05788915
86.343172,4.42255459,0.05774454
86.443222,4.42399713,0.05760029
86.543272,4.42543605,0.05745639
86.643322,4.42687139,0.05731286
86.743372,4.42830313,0.05716969
86.843422,4.42973130,0.05702687
86.943472,4.43115591,0.05688441
87.043522,4.43257695,0.05674231
87.143572,4.43399444,0.05660056
87.243622,4.43540840,0.05645916
87.343672,4.43681882,0.05631812
87.443722,4.43822571,0.05617743
87.543772,4.43962910,0.05603709
87.643822,4.44102897,0.05589710
87.743872,4.44242535,0.05575746
87.843922,4.44381824,0.05561818
87.943972,4.44520765,0.05547923
88.044022,4.44659360,0.05534064
88.144072,4.44797607,0.05520239
88.244122,4.44935510,0.05506449
88.344172,4.45073068,0.05492693
88.444222,4.45210282,0.05478972
88.544272,4.45347154,0.05465285
88.644322,4.45483683,0.05451632
88.744372,4.45619872,0.05438013
88.844422,4.45755720,0.05424428
88.944472,4.45891229,0.05410877
89.044522,4.46026400,0.05397360
89.144572,4.46161233,0.05383877
89.244622,4.46295729,0.05370427
89.344672,4.46429889,0.05357011
89.444722,4.46563713,0.05343629
89.544772,4.46697204,0.05330280
89.644822,4.46830361,0.05316964
89.744872,4.46963185,0.05303681
89.844922,4.47095678,0.05290432
89.944972,4.47227840,0.05277216
90.045023,4.47359671,0.05264033
90.145073,4.47491173,0.05250883
90.245123,4.47622347,0.05237765
90.345173,4.47753193,0.05224681
90.445223,4.47883712,0.05211629
90.545273,4.48013905,0.05198610
90.645323,4.48143773,0.05185623
90.745373,4.48273316,0.05172668
90.845423,4.48402536,0.05159746
90.945473,4.48531433,0.05146857
91.045523,4.48660007,0.05133999
91.145573,4.48788261,0.05121174
91.245623,4.48916195,0.05108381
91.345673,4.49043808,0.05095619
91.445723,4.49171103,0.05082890
91.545773,4.49298080,0.05070192
91.645823,4.49424740,0.05057526
91.745873,4.49551083,0.05044892
91.845923,4.49677111,0.05032289
91.945973,4.49802824,0.05019718
92.046023,4.49928223,0.05007178
92.146073,4.50053308,0.04994669
92.246123,4.50178081,0.04982192
92.346173,4.50302543,0.04969746
92.446223,4.50426693,0.04957331
92.546273,4.50550533,0.04944947
92.646323,4.50674064,0.04932594
92.746373,4.50797287,0.04920271
92.846423,4.50920201,0.04907980
92.946473,4.51042809,0.04895719
93.046523,4.51165110,0.04883489
93.146573,4.51287106,0.04871289
93.246623,4.51408797,0.04859120
93.346673,4.51530183,0.04846982
93.446723,4.51651267,0.04834873
93.546773,4.51772048,0.04822795
93.646823,4.51892528,0.04810747
93.746873,4.52012706,0.04798729
93.846923,4.52132585,0.04786742
93.946973,4.52252163,0.04774784
94.047024,4.52371443,0.04762856
94.147074,4.52490425,0.04750957
94.247124,4.52609110,0.04739089
94.347174,4.52727499,0.04727250
94.447224,4.52845591,0.04715441
94.547274,4.52963389,0.04703661
94.647324,4.53080892,0.04691911
94.747374,4.53198102,0.04680190
94.847424,4.53315019,0.04668498
94.947474,4.53431644,0.04656836
95.047524,4.53547978,0.04645202
95.147574,4.53664021,0.04633598
95.247624,4.53779774,0.04622023
95.347674,4.53895238,0.04610476
95.447724,4.54010413,0.04598959
95.547774,4.54125301,0.04587470
95.647824,4.54239901,0.04576010
95.747874,4.54354216,0.04564578
95.847924,4.54468245,0.04553176
95.947974,4.54581989,0.04541801
96.048024,4.54695449,0.04530455
96.148074,4.54808625,0.04519137
96.248124,4.54921519,0.04507848
96.348174,4.55034131,0.04496587
96.448224,4.55146461,0.04485354
96.548274,4.55258511,0.04474149
96.648324,4.55370280,0.04462972
96.748374,4.55481771,0.04451823
96.848424,4.55592983,0.04440702
96.948474,4.55703917,0.04429608
97.048524,4.55814575,0.04418543
97.148574,4.55924955,0.04407504
97.248624,4.56035060,0.04396494
97.348674,4.56144890,0.04385511
97.448724,4.56254446,0.04374555
97.548774,4.56363728,0.04363627
97.648824,4.56472737,0.04352726
97.748874,4.56581473,0.04341853
97.848924,4.56689938,0.04331006
97.948974,4.56798132,0.04320187
98.049025,4.56906056,0.04309394
98.149075,4.57013710,0.04298629
98.249125,4.57121095,0.04287891
98.349175,4.57228212,0.04277179
98.449225,4.57335061,0.04266494
98.549275,4.57441643,0.04255836
98.649325,4.57547959,0.04245204
98.749375,4.57654010,0.04234599
98.849425,4.57759796,0.04224020
98.949475,4.57865317,0.04213468
99.049525,4.57970575,0.04202943
99.149575,4.58075569,0.04192443
99.249625,4.58180302,0.04181970
99.349675,4.58284773,0.04171523
99.449725,4.58388982,0.04161102
99.549775,4.58492932,0.04150707
99.649825,4.58596622,0.04140338
99.749875,4.58700053,0.04129995
99.849925,4.58803225,0.04119677
99.949975,4.58906140,0.04109386
100.050025,4.59008797,0.04099120
100.150075,4.59111199,0.04088880
100.250125,4.59213344,0.04078666
100.350175,4.59315234,0.04068477
100.450225,4.59416870,0.04058313
100.550275,4.59518251,0.04048175
100.650325,4.59619380,0.04038062
100.750375,4.59720256,0.04027974
100.850425,4.59820880,0.04017912
100.950475,4.59921252,0.04007875
101.050525,4.60021374,0.03997863
101.150575,4.60121245,0.03987875
101.250625,4.60220868,0.03977913
101.350675,4.60320241,0.03967976
101.450725,4.60419366,0.03958063
101.550775,4.60518243,0.03948176
101.650825,4.60616874,0.03938313
101.750875,4.60715257,0.03928474
101.850925,4.60813396,0.03918660
101.950975,4.60911289,0.03908871
102.051026,4.61008937,0.03899106
102.151076,4.61106342,0.03889366
102.251126,4.61203503,0.03879650
102.351176,4.61300421,0.03869958
102.451226,4.61397098,0.03860290
102.551276,4.61493533,0.03850647
102.651326,4.61589727,0.03841027
102.751376,4.61685680,0.03831432
102.851426,4.61781394,0.03821861
102.951476,4.61876869,0.03812313
103.051526,4.61972106,0.03802789
103.151576,4.62067104,0.03793290
103.251626,4.62161865,0.03783813
103.351676,4.62256390,0.03774361
103.451726,4.62350678,0.03764932
103.551776,4.62444731,0.03755527
103.651826,4.62538548,0.03746145
103.751876,4.62632132,0.03736787
103.851926,4.62725481,0.03727452
103.951976,4.62818598,0.03718140
104.052026,4.62911481,0.03708852
104.152076,4.63004133,0.03699587
104.252126,4.63096554,0.03690345
104.352176,4.63188743,0.03681126
104.452226,4.63280702,0.03671930
104.552276,4.63372431,0.03662757
104.652326,4.63463932,0.03653607
104.752376,4.63555203,0.03644480
104.852426,4.63646247,0.03635375
104.952476,4.63737063,0.03626294
105.052526,4.63827653,0.03617235
105.152576,4.63918016,0.03608198
105.252626,4.64008153,0.03599185
105.352676,4.64098065,0.03590193
105.452726,4.64187753,0.03581225
105.552776,4.64277216,0.03572278
105.652826,4.64366456,0.03563354
105.752876,4.64455473,0.03554453
105.852926,4.64544268,0.03545573
105.952976,4.64632841,0.03536716
106.053027,4.64721192,0.03527881
106.153077,4.64809323,0.03519068
106.253127,4.64897234,0.03510277
106.353177,4.64984925,0.03501508
106.453227,4.65072397,0.03492760
106.553277,4.65159651,0.03484035
106.653327,4.65246686,0.03475331
106.753377,4.65333504,0.03466650
106.853427,4.65420105,0.03457989
106.953477,4.65506490,0.03449351
107.053527,4.65592659,0.03440734
107.153577,4.65678613,0.03432139
107.253627,4.65764352,0.03423565
107.353677,4.65849877,0.03415012
107.453727,4.65935189,0.03406481
107.553777,4.66020287,0.03397971
107.653827,4.66105172,0.03389483
107.753877,4.66189846,0.03381015
107.853927,4.66274308,0.03372569
107.953977,4.66358559,0.03364144
108.054027,4.66442599,0.03355740
108.154077,4.66526430,0.03347357
108.254127,4.66610051,0.03338995
108.354177,4.66693463,0.03330654
108.454227,4.66776667,0.03322333
108.554277,4.66859663,0.03314034
108.654327,4.66942452,0.03305755
108.754377,4.67025034,0.03297497
108.854427,4.67107410,0.03289259
108.954477,4.67189579,0.03281042
109.054527,4.67271544,0.03272846
109.154577,4.67353304,0.03264670
109.254627,4.67434859,0.03256514
109.354677,4.67516211,0.03248379
109.454727,4.67597360,0.03240264
109.554777,4.67678305,0.03232169
109.654827,4.67759049,0.03224095
109.754877,4.67839591,0.03216041
109.854927,4.67919932,0.03208007
109.954977,4.68000072,0.03199993
110.055028,4.68080012,0.03191999
110.155078,4.68159752,0.03184025
110.255128,4.68239293,0.03176071
110.355178,4.68318635,0.03168137
110.455228,4.68397779,0.03160222
110.555278,4.68476725,0.03152327
110.655328,4.68555474,0.03144453
110.755378,4.68634027,0.03136597
110.855428,4.68712383,0.03128762
110.955478,4.68790543,0.03120946
111.055528,4.68868508,0.03113149
111.155578,4.68946279,0.03105372
111.255628,4.69023855,0.03097615
111.355678,4.69101237,0.03089876
111.455728,4.69178426,0.03082157
111.555778,4.69255422,0.03074458
111.655828,4.69332226,0.03066777
111.755878,4.69408838,0.03059116
111.855928,4.69485258,0.03051474
111.955978,4.69561488,0.03043851
112.056028,4.69637527,0.03036247
112.156078,4.69713376,0.03028662
112.256128,4.69789036,0.03021096
112.356178,4.69864507,0.03013549
112.456228,4.69939789,0.03006021
112.556278,4.70014883,0.02998512
112.656328,4.70089790,0.02991021
112.756378,4.70164509,0.02983549
112.856428,4.70239042,0.02976096
112.956478,4.70313389,0.02968661
113.056528,4.70387550,0.02961245
113.156578,4.70461525,0.02953847
113.256628,4.70535316,0.02946468
113.356678,4.70608923,0.02939108
113.456728,4.70682345,0.02931765
113.556778,4.70755584,0.02924442
113.656828,4.70828641,0.02917136
113.756878,4.70901514,0.02909849
113.856928,4.70974206,0.02902579
113.956978,4.71046716,0.02895328
114.057029,4.71119045,0.02888096
114.157079,4.71191193,0.02880881
114.257129,4.71263161,0.02873684
114.357179,4.71334949,0.02866505
114.457229,4.71406558,0.02859344
114.557279,4.71477988,0.02852201
114.657329,4.71549240,0.02845076
114.757379,4.71620313,0.02837969
114.857429,4.71691209,0.02830879
114.957479,4.71761928,0.02823807
115.057529,4.71832470,0.02816753
115.157579,4.71902836,0.02809716
115.257629,4.71973027,0.02802697
115.357679,4.72043042,0.02795696
115.457729,4.72112882,0.02788712
115.557779,4.72182547,0.02781745
115.657829,4.72252039,0.02774796
115.757879,4.72321356,0.02767864
115.857929,4.72390501,0.02760950
115.957979,4.72459473,0.02754053
116.058029,4.72528273,0.02747173
116.158079,4.72596901,0.02740310
116.258129,4.72665357,0.02733464
116.358179,4.72733642,0.02726636
116.458229,4.72801757,0.02719824
116.558279,4.72869702,0.02713030
116.658329,4.72937477,0.02706252
116.758379,4.73005082,0.02699492
116.858429,4.73072519,0.02692748
116.958479,4.73139787,0.02686021
117.058529,4.73206887,0.02679311
117.158579,4.73273820,0.02672618
117.258629,4.73340585,0.02665941
117.358679,4.73407184,0.02659282
117.458729,4.73473616,0.02652638
117.558779,4.73539882,0.02646012
117.658829,4.73605983,0.02639402
117.758879,4.73671918,0.02632808
117.858929,4.73737689,0.02626231
117.958979,4.73803296,0.02619670
118.059030,4.73868738,0.02613126
118.159080,4.73934018,0.02606598
118.259130,4.73999134,0.02600087
118.359180,4.74064087,0.02593591
118.459230,4.74128878,0.02587112
118.559280,4.74193508,0.02580649
118.659330,4.74257975,0.02574202
118.759380,4.74322282,0.02567772
118.859430,4.74386428,0.02561357
118.959480,4.74450414,0.02554959
119.059530,4.74514240,0.02548576
119.159580,4.74577907,0.02542209
119.259630,4.74641414,0.02535859
119.359680,4.74704763,0.02529524
119.459730,4.74767954,0.02523205
119.559780,4.74830987,0.02516901
119.659830,4.74893862,0.02510614
119.759880,4.74956580,0.02504342
119.859930,4.75019142,0.02498086
119.959980,4.75081547,0.02491845
120.060030,4.75143797,0.02485620
120.160080,4.75205891,0.02479411
120.260130,4.75267829,0.02473217
120.360180,4.75329614,0.02467039
120.460230,4.75391243,0.02460876
120.560280,4.75452719,0.02454728
120.660330,4.75514041,0.02448596
120.760380,4.75575210,0.02442479
120.860430,4.75636226,0.02436377
120.960480,4.75697090,0.02430291
121.060530,4.75757802,0.02424220
121.160580,4.75818362,0.02418164
121.260630,4.75878771,0.02412123
121.360680,4.75939028,0.02406097
121.460730,4.75999136,0.02400086
121.560780,4.76059093,0.02394091
121.660830,4.76118900,0.02388110
121.760880,4.76178558,0.02382144
121.860930,4.76238067,0.02376193
121.960980,4.76297428,0.02370257
122.061031,4.76356640,0.02364336
122.161081,4.76415704,0.02358430
122.261131,4.76474620,0.02352538
122.361181,4.76533389,0.02346661
122.461231,4.76592012,0.02340799
122.561281,4.76650488,0.02334951
122.661331,4.76708818,0.02329118
122.761381,4.76767002,0.02323300
122.861431,4.76825041,0.02317496
122.961481,4.76882935,0.02311706
123.061531,4.76940685,0.02305932
123.161581,4.76998290,0.02300171
123.261631,4.77055751,0.02294425
123.361681,4.77113068,0.02288693
123.461731,4.77170243,0.02282976
123.561781,4.77227274,0.02277273
123.661831,4.77284163,0.02271584
123.761881,4.77340910,0.02265909
123.861931,4.77397516,0.02260248
123.961981,4.77453980,0.02254602
124.062031,4.77510302,0.02248970
124.162081,4.77566484,0.02243352
124.262131,4.77622526,0.02237747
124.362181,4.77678428,0.02232157
124.462231,4.77734190,0.02226581
124.562281,4.77789813,0.02221019
124.662331,4.77845297,0.02215470
124.762381,4.77900642,0.02209936
124.862431,4.77955849,0.02204415
124.962481,4.78010918,0.02198908
125.062531,4.78065849,0.02193415
125.162581,4.78120644,0.02187936
125.262631,4.78175301,0.02182470
125.362681,4.78229822,0.02177018
125.462731,4.78284206,0.02171579
125.562781,4.78338455,0.02166154
125.662831,4.78392568,0.02160743
125.762881,4.78446546,0.02155345
125.862931,4.78500390,0.02149961
125.962981,4.78554098,0.02144590
126.063032,4.78607673,0.02139233
126.163082,4.78661114,0.02133889
126.263132,4.78714421,0.02128558
126.363182,4.78767595,0.02123241
126.463232,4.78820636,0.02117936
126.563282,4.78873545,0.02112646
126.663332,4.78926321,0.02107368
126.763382,4.78978966,0.02102103
126.863432,4.79031479,0.02096852
126.963482,4.79083861,0.02091614
127.063532,4.79136112,0.02086389
127.163582,4.79188233,0.02081177
127.263632,4.79240223,0.02075978
127.363682,4.79292084,0.02070792
127.463732,4.79343815,0.02065619
127.563782,4.79395416,0.02060458
127.663832,4.79446889,0.02055311
127.763882,4.79498234,0.02050177
127.863932,4.79549450,0.02045055
127.963982,4.79600538,0.02039946
128.064032,4.79651498,0.02034850
128.164082,4.79702331,0.02029767
128.264132,4.79753037,0.02024696
128.364182,4.79803617,0.02019638
128.464232,4.79854070,0.02014593
128.564282,4.79904397,0.02009560
128.664332,4.79954598,0.02004540
128.764382,4.80004674,0.01999533
128.864432,4.80054625,0.01994538
128.964482,4.80104451,0.01989555
129.064532,4.80154152,0.01984585
129.164582,4.80203730,0.01979627
129.264632,4.80253183,0.01974682
129.364682,4.80302513,0.01969749
129.464732,4.80351720,0.01964828
129.564782,4.80400804,0.01959920
129.664832,4.80449765,0.01955023
129.764882,4.80498604,0.01950140
129.864932,4.80547321,0.01945268
129.964982,4.80595916,0.01940408
130.065033,4.80644390,0.01935561
130.165083,4.80692743,0.01930726
130.265133,4.80740975,0.01925903
130.365183,4.80789086,0.01921091
130.465233,4.80837078,0.01916292
130.565283,4.80884949,0.01911505
130.665333,4.80932701,0.01906730
130.765383,4.80980333,0.01901967
130.865433,4.81027847,0.01897215
130.965483,4.81075242,0.01892476
131.065533,4.81122518,0.01887748
131.165583,4.81169676,0.01883032
131.265633,4.81216717,0.01878328
131.365683,4.81263640,0.01873636
131.465733,4.81310446,0.01868955
131.565783,4.81357134,0.01864287
131.665833,4.81403707,0.01859629
131.765883,4.81450163,0.01854984
131.865933,4.81496502,0.01850350
131.965983,4.81542726,0.01845727
132.066033,4.81588835,0.01841116
132.166083,4.81634828,0.01836517
132.266133,4.81680707,0.01831929
132.366183,4.81726471,0.01827353
132.466233,4.81772120,0.01822788
132.566283,4.81817656,0.01818234
132.666333,4.81863078,0.01813692
132.766383,4.81908386,0.01809161
132.866433,4.81953581,0.01804642
132.966483,4.81998663,0.01800134
133.066533,4.82043633,0.01795637
133.166583,4.82088490,0.01791151
133.266633,4.82133235,0.01786676
133.366683,4.82177869,0.01782213
133.466733,4.82222391,0.01777761
133.566783,4.82266801,0.01773320
133.666833,4.82311101,0.01768890
133.766883,4.82355290,0.01764471
133.866933,4.82399369,0.01760063
133.966983,4.82443337,0.01755666
134.067034,4.82487196,0.01751280
134.167084,4.82530945,0.01746905
134.267134,4.82574585,0.01742541
134.367184,4.82618116,0.01738188
134.467234,4.82661538,0.01733846
134.567284,4.82704852,0.01729515
134.667334,4.82748057,0.01725194
134.767384,4.82791155,0.01720885
134.867434,4.82834145,0.01716586
134.967484,4.82877027,0.01712297
135.067534,4.82919802,0.01708020
135.167584,4.82962471,0.01703753
135.267634,4.83005033,0.01699497
135.367684,4.83047488,0.01695251
135.467734,4.83089838,0.01691016
135.567784,4.83132082,0.01686792
135.667834,4.83174220,0.01682578
135.767884,4.83216253,0.01678375
135.867934,4.83258181,0.01674182
135.967984,4.83300004,0.01670000
136.068034,4.83341722,0.01665828
136.168084,4.83383337,0.01661666
136.268134,4.83424847,0.01657515
136.368184,4.83466254,0.01653375
136.468234,4.83507558,0.01649244
136.568284,4.83548758,0.01645124
136.668334,4.83589855,0.01641015
136.768384,4.83630850,0.01636915
136.868434,4.83671742,0.01632826
136.968484,4.83712532,0.01628747
137.068534,4.83753220,0.01624678
137.168584,4.83793806,0.01620619
137.268634,4.83834291,0.01616571
137.368684,4.83874675,0.01612532
137.468734,4.83914959,0.01608504
137.568784,4.83955141,0.01604486
137.668834,4.83995223,0.01600478
137.768884,4.84035205,0.01596480
137.868934,4.84075087,0.01592491
137.968984,4.84114869,0.01588513
138.069035,4.84154552,0.01584545
138.169085,4.84194136,0.01580586
138.269135,4.84233621,0.01576638
138.369185,4.84273008,0.01572699
138.469235,4.84312296,0.01568770
138.569285,4.84351486,0.01564851
138.669335,4.84390578,0.01560942
138.769385,4.84429572,0.01557043
138.869435,4.84468469,0.01553153
138.969485,4.84507268,0.01549273
139.069535,4.84545971,0.01545403
139.169585,4.84584577,0.01541542
139.269635,4.84623087,0.01537691
139.369685,4.84661500,0.01533850
139.469735,4.84699818,0.01530018
139.569785,4.84738040,0.01526196
139.669835,4.84776166,0.01522383
139.769885,4.84814197,0.01518580
139.869935,4.84852133,0.01514787
139.969985,4.84889974,0.01511003
140.070035,4.84927721,0.01507228
140.170085,4.84965374,0.01503463
140.270135,4.85002932,0.01499707
140.370185,4.85040396,0.01495960
140.470235,4.85077767,0.01492223
140.570285,4.85115045,0.01488495
140.670335,4.85152230,0.01484777
140.770385,4.85189321,0.01481068
140.870435,4.85226320,0.01477368
140.970485,4.85263227,0.01473677
141.070535,4.85300041,0.01469996
141.170585,4.85336763,0.01466324
141.270635,4.85373394,0.01462661
141.370685,4.85409933,0.01459007
141.470735,4.85446381,0.01455362
141.570785,4.85482737,0.01451726
141.670835,4.85519003,0.01448100
141.770885,4.85555179,0.01444482
141.870935,4.85591264,0.01440874
141.970985,4.85627259,0.01437274
142.071036,4.85663163,0.01433684
142.171086,4.85698979,0.01430102
142.271136,4.85734704,0.01426530
142.371186,4.85770341,0.01422966
142.471236,4.85805888,0.01419411
142.571286,4.85841347,0.01415865
142.671336,4.85876717,0.01412328
142.771386,4.85911999,0.01408800
142.871436,4.85947192,0.01405281
142.971486,4.85982298,0.01401770
143.071536,4.86017316,0.01398268
143.171586,4.86052247,0.01394775
143.271636,4.86087090,0.01391291
143.371686,4.86121846,0.01387815
143.471736,4.86156515,0.01384348
143.571786,4.86191098,0.01380890
143.671836,4.86225594,0.01377441
143.771886,4.86260005,0.01374000
143.871936,4.86294329,0.01370567
143.971986,4.86328567,0.01367143
144.072036,4.86362720,0.01363728
144.172086,4.86396788,0.01360321
144.272136,4.86430770,0.01356923
144.372186,4.86464668,0.01353533
144.472236,4.86498481,0.01350152
144.572286,4.86532210,0.01346779
144.672336,4.86565854,0.01343415
144.772386,4.86599414,0.01340059
144.872436,4.86632890,0.01336711
144.972486,4.86666283,0.01333372
145.072536,4.86699592,0.01330041
145.172586,4.86732818,0.01326718
145.272636,4.86765961,0.01323404
145.372686,4.86799022,0.01320098
145.472736,4.86831999,0.01316800
145.572786,4.86864895,0.01313511
145.672836,4.86897708,0.01310229
145.772886,4.86930439,0.01306956
145.872936,4.86963088,0.01303691
145.972986,4.86995656,0.01300434
146.073037,4.87028143,0.01297186
146.173087,4.87060548,0.01293945
146.273137,4.87092872,0.01290713
146.373187,4.87125116,0.01287488
146.473237,4.87157279,0.01284272
146.573287,4.87189362,0.01281064
146.673337,4.87221364,0.01277864
146.773387,4.87253287,0.01274671
146.873437,4.87285130,0.01271487
146.973487,4.87316893,0.01268311
147.073537,4.87348577,0.01265142
147.173587,4.87380182,0.01261982
147.273637,4.87411708,0.01258829
147.373687,4.87443155,0.01255684
147.473737,4.87474524,0.01252548
147.573787,4.87505814,0.01249419
147.673837,4.87537026,0.01246297
147.773887,4.87568160,0.01243184
147.873937,4.87599216,0.01240078
147.973987,4.87630195,0.01236981
148.074037,4.87661096,0.01233890
148.174087,4.87691920,0.01230808
148.274137,4.87722668,0.01227733
148.374187,4.87753338,0.01224666
148.474237,4.87783932,0.01221607
148.574287,4.87814449,0.01218555
148.674337,4.87844890,0.01215511
148.774387,4.87875255,0.01212475
148.874437,4.87905544,0.01209446
148.974487,4.87935757,0.01206424
149.074537,4.87965895,0.01203410
149.174587,4.87995958,0.01200404
149.274637,4.88025946,0.01197405
149.374687,4.88055858,0.01194414
149.474737,4.88085696,0.01191430
149.574787,4.88115460,0.01188454
149.674837,4.88145149,0.01185485
149.774887,4.88174764,0.01182524
149.874937,4.88204305,0.01179570
149.974987,4.88233772,0.01176623
150.075038,4.88263165,0.01173683
150.175088,4.88292485,0.01170751
150.275138,4.88321732,0.01167827
150.375188,4.88350906,0.01164909
150.475238,4.88380007,0.01161999
150.575288,4.88409035,0.01159096
150.675338,4.88437991,0.01156201
150.775388,4.88466874,0.01153313
150.875438,4.88495685,0.01150431
150.975488,4.88524425,0.01147558
151.075538,4.88553092,0.01144691
151.175588,4.88581688,0.01141831
151.275638,4.88610212,0.01138979
151.375688,4.88638665,0.01136133
151.475738,4.88667047,0.01133295
151.575788,4.88695358,0.01130464
151.675838,4.88723599,0.01127640
151.775888,4.88751769,0.01124823
151.875938,4.88779868,0.01122013
151.975988,4.88807897,0.01119210
152.076038,4.88835857,0.01116414
152.176088,4.88863746,0.01113625
152.276138,4.88891566,0.01110843
152.376188,4.88919316,0.01108068
152.476238,4.88946997,0.01105300
152.576288,4.88974609,0.01102539
152.676338,4.89002152,0.01099785
152.776388,4.89029626,0.01097037
152.876438,4.89057031,0.01094297
152.976488,4.89084368,0.01091563
153.076538,4.89111637,0.01088836
153.176588,4.89138837,0.01086116
153.276638,4.89165970,0.01083403
153.376688,4.89193034,0.01080697
153.476738,4.89220032,0.01077997
153.576788,4.89246961,0.01075304
153.676838,4.89273824,0.01072618
153.776888,4.89300619,0.01069938
153.876938,4.89327347,0.01067265
153.976988,4.89354009,0.01064599
154.077039,4.89380604,0.01061940
154.177089,4.89407133,0.01059287
154.277139,4.89433595,0.01056641
154.377189,4.89459991,0.01054001
154.477239,4.89486321,0.01051368
154.577289,4.89512586,0.01048741
154.677339,4.89538785,0.01046122
154.777389,4.89564918,0.01043508
154.877439,4.89590986,0.01040901
154.977489,4.89616989,0.01038301
155.077539,4.89642927,0.01035707
155.177589,4.89668801,0.01033120
155.277639,4.89694609,0.01030539
155.377689,4.89720353,0.01027965
155.477739,4.89746033,0.01025397
155.577789,4.89771649,0.01022835
155.677839,4.89797201,0.01020280
155.777889,4.89822689,0.01017731
155.877939,4.89848113,0.01015189
155.977989,4.89873473,0.01012653
156.078039,4.89898771,0.01010123
156.178089,4.89924005,0.01007600
156.278139,4.89949176,0.01005082
156.378189,4.89974284,0.01002572
156.478239,4.89999330,0.01000067
156.578289,4.90024313,0.00997569
156.678339,4.90049233,0.00995077
156.778389,4.90074091,0.00992591
156.878439,4.90098888,0.00990111
156.978489,4.90123622,0.00987638
157.078539,4.90148294,0.00985171
157.178589,4.90172905,0.00982709
157.278639,4.90197454,0.00980255
157.378689,4.90221942,0.00977806
157.478739,4.90246369,0.00975363
157.578789,4.90270735,0.00972927
157.678839,4.90295040,0.00970496
157.778889,4.90319284,0.00968072
157.878939,4.90343468,0.00965653
157.978989,4.90367591,0.00963241
158.079040,4.90391654,0.00960835
158.179090,4.90415657,0.00958434
158.279140,4.90439600,0.00956040
158.379190,4.90463483,0.00953652
158.479240,4.90487306,0.00951269
158.579290,4.90511070,0.00948893
158.679340,4.90534775,0.00946523
158.779390,4.90558420,0.00944158
158.879440,4.90582006,0.00941799
158.979490,4.90605533,0.00939447
159.079540,4.90629002,0.00937100
159.179590,4.90652412,0.00934759
159.279640,4.90675763,0.00932424
159.379690,4.90699056,0.00930094
159.479740,4.90722291,0.00927771
159.579790,4.90745468,0.00925453
159.679840,4.90768587,0.00923141
159.779890,4.90791648,0.00920835
159.879940,4.90814652,0.00918535
159.979990,4.90837598,0.00916240
160.080040,4.90860487,0.00913951
160.180090,4.90883319,0.00911668
160.280140,4.90906093,0.00909391
160.380190,4.90928811,0.00907119
160.480240,4.90951472,0.00904853
160.580290,4.90974076,0.00902592
160.680340,4.90996624,0.00900338
160.780390,4.91019116,0.00898088
160.880440,4.91041551,0.00895845
160.980490,4.91063930,0.00893607
161.080540,4.91086254,0.00891375
161.180590,4.91108522,0.00889148
161.280640,4.91130734,0.00886927
161.380690,4.91152890,0.00884711
161.480740,4.91174991,0.00882501
161.580790,4.91197037,0.00880296
161.680840,4.91219028,0.00878097
161.780890,4.91240964,0.00875904
161.880940,4.91262845,0.00873715
161.980990,4.91284672,0.00871533
162.081041,4.91306444,0.00869356
162.181091,4.91328161,0.00867184
162.281141,4.91349825,0.00865018
162.381191,4.91371434,0.00862857
162.481241,4.91392989,0.00860701
162.581291,4.91414491,0.00858551
162.681341,4.91435938,0.00856406
162.781391,4.91457332,0.00854267
162.881441,4.91478673,0.00852133
162.981491,4.91499960,0.00850004
163.081541,4.91521194,0.00847881
163.181591,4.91542376,0.00845762
163.281641,4.91563504,0.00843650
163.381691,4.91584579,0.00841542
163.481741,4.91605602,0.00839440
163.581791,4.91626572,0.00837343
163.681841,4.91647490,0.00835251
163.781891,4.91668356,0.00833164
163.881941,4.91689169,0.00831083
163.981991,4.91709931,0.00829007
164.082041,4.91730640,0.00826936
164.182091,4.91751298,0.00824870
164.282141,4.91771905,0.00822810
164.382191,4.91792459,0.00820754
164.482241,4.91812963,0.00818704
164.582291,4.91833415,0.00816658
164.682341,4.91853816,0.00814618
164.782391,4.91874166,0.00812583
164.882441,4.91894466,0.00810553
164.982491,4.91914714,0.00808529
165.082541,4.91934912,0.00806509
165.182591,4.91955060,0.00804494
165.282641,4.91975157,0.00802484
165.382691,4.91995204,0.00800480
165.482741,4.92015201,0.00798480
165.582791,4.92035148,0.00796485
165.682841,4.92055046,0.00794495
165.782891,4.92074893,0.00792511
165.882941,4.92094691,0.00790531
165.982991,4.92114439,0.00788556
166.083042,4.92134139,0.00786586
166.183092,4.92153788,0.00784621
166.283142,4.92173389,0.00782661
166.383192,4.92192941,0.00780706
166.483242,4.92212444,0.00778756
166.583292,4.92231898,0.00776810
166.683342,4.92251304,0.00774870
166.783392,4.92270661,0.00772934
166.883442,4.92289970,0.00771003
166.983492,4.92309231,0.00769077
167.083542,4.92328443,0.00767156
167.183592,4.92347608,0.00765239
167.283642,4.92366724,0.00763328
167.383692,4.92385793,0.00761421
167.483742,4.92404815,0.00759519
167.583792,4.92423788,0.00757621
167.683842,4.92442715,0.00755729
167.783892,4.92461594,0.00753841
167.883942,4.92480426,0.00751957
167.983992,4.92499210,0.00750079
168.084042,4.92517948,0.00748205
168.184092,4.92536639,0.00746336
168.284142,4.92555284,0.00744472
168.384192,4.92573882,0.00742612
168.484242,4.92592433,0.00740757
168.584292,4.92610938,0.00738906
168.684342,4.92629397,0.00737060
168.784392,4.92647810,0.00735219
168.884442,4.92666176,0.00733382
168.984492,4.92684497,0.00731550
169.084542,4.92702772,0.00729723
169.184592,4.92721001,0.00727900
169.284642,4.92739185,0.00726081
169.384692,4.92757324,0.00724268
169.484742,4.92775417,0.00722458
169.584792,4.92793465,0.00720654
169.684842,4.92811468,0.00718853
169.784892,4.92829425,0.00717057
169.884942,4.92847338,0.00715266
169.984992,4.92865207,0.00713479
170.085043,4.92883030,0.00711697
170.185093,4.92900809,0.00709919
170.285143,4.92918544,0.00708146
170.385193,4.92936234,0.00706377
170.485243,4.92953881,0.00704612
170.585293,4.92971483,0.00702852
170.685343,4.92989041,0.00701096
170.785393,4.93006555,0.00699344
170.885443,4.93024026,0.00697597
170.985493,4.93041452,0.00695855
171.085543,4.93058836,0.00694116
171.185593,4.93076176,0.00692382
171.285643,4.93093472,0.00690653
171.385693,4.93110726,0.00688927
171.485743,4.93127936,0.00687206
171.585793,4.93145103,0.00685490
171.685843,4.93162227,0.00683777
171.785893,4.93179309,0.00682069
171.885943,4.93196348,0.00680365
171.985993,4.93213344,0.00678666
172.086043,4.93230298,0.00676970
172.186093,4.93247210,0.00675279
172.286143,4.93264079,0.00673592
172.386193,4.93280906,0.00671909
172.486243,4.93297691,0.00670231
172.586293,4.93314435,0.00668557
172.686343,4.93331136,0.00666886
172.786393,4.93347796,0.00665220
172.886443,4.93364414,0.00663559
172.986493,4.93380990,0.00661901
173.086543,4.93397525,0.00660247
173.186593,4.93414019,0.00658598
173.286643,4.93430472,0.00656953
173.386693,4.93446883,0.00655312
173.486743,4.93463254,0.00653675
173.586793,4.93479583,0.00652042
173.686843,4.93495872,0.00650413
173.786893,4.93512120,0.00648788
173.886943,4.93528328,0.00647167
173.986993,4.93544495,0.00645551
174.087044,4.93560622,0.00643938
174.187094,4.93576708,0.00642329
174.287144,4.93592754,0.00640725
174.387194,4.93608760,0.00639124
174.487244,4.93624726,0.00637527
174.587294,4.93640653,0.00635935
174.687344,4.93656539,0.00634346
174.787394,4.93672386,0.00632761
174.887444,4.93688193,0.00631181
174.987494,4.93703961,0.00629604
175.087544,4.93719689,0.00628031
175.187594,4.93735378,0.00626462
175.287644,4.93751028,0.00624897
175.387694,4.93766639,0.00623336
175.487744,4.93782210,0.00621779
175.587794,4.93797743,0.00620226
175.687844,4.93813237,0.00618676
175.787894,4.93828692,0.00617131
175.887944,4.93844109,0.00615589
175.987994,4.93859487,0.00614051
176.088044,4.93874827,0.00612517
176.188094,4.93890128,0.00610987
176.288144,4.93905392,0.00609461
176.388194,4.93920617,0.00607938
176.488244,4.93935804,0.00606420
176.588294,4.93950953,0.00604905
176.688344,4.93966064,0.00603394
176.788394,4.93981138,0.00601886
176.888444,4.93996174,0.00600383
176.988494,4.94011172,0.00598883
177.088544,4.94026133,0.00597387
177.188594,4.94041056,0.00595894
177.288644,4.94055942,0.00594406
177.388694,4.94070791,0.00592921
177.488744,4.94085603,0.00591440
177.588794,4.94100378,0.00589962
177.688844,4.94115116,0.00588488
177.788894,4.94129817,0.00587018
177.888944,4.94144482,0.00585552
177.988994,4.94159110,0.00584089
178.089045,4.94173701,0.00582630
178.189095,4.94188256,0.00581174
178.289145,4.94202774,0.00579723
178.389195,4.94217256,0.00578274
178.489245,4.94231702,0.00576830
178.589295,4.94246112,0.00575389
178.689345,4.94260486,0.00573951
178.789395,4.94274824,0.00572518
178.889445,4.94289127,0.00571087
178.989495,4.94303393,0.00569661
179.089545,4.94317624,0.00568238
179.189595,4.94331819,0.00566818
179.289645,4.94345979,0.00565402
179.389695,4.94360103,0.00563990
179.489745,4.94374193,0.00562581
179.589795,4.94388247,0.00561175
179.689845,4.94402265,0.00559773
179.789895,4.94416249,0.00558375
179.889945,4.94430198,0.00556980
179.989995,4.94444112,0.00555589
180.090045,4.94457992,0.00554201
180.190095,4.94471836,0.00552816
180.290145,4.94485646,0.00551435
180.390195,4.94499422,0.00550058
180.490245,4.94513163,0.00548684
180.590295,4.94526870,0.00547313
180.690345,4.94540542,0.00545946
180.790395,4.94554181,0.00544582
180.890445,4.94567785,0.00543221
180.990495,4.94581355,0.00541864
181.090545,4.94594892,0.00540511
181.190595,4.94608394,0.00539161
181.290645,4.94621863,0.00537814
181.390695,4.94635299,0.00536470
181.490745,4.94648700,0.00535130
181.590795,4.94662069,0.00533793
181.690845,4.94675403,0.00532460
181.790895,4.94688705,0.00531130
181.890945,4.94701973,0.00529803
181.990995,4.94715208,0.00528479
182.091046,4.94728410,0.00527159
182.191096,4.94741579,0.00525842
182.291146,4.94754716,0.00524528
182.391196,4.94767819,0.00523218
182.491246,4.94780890,0.00521911
182.591296,4.94793928,0.00520607
182.691346,4.94806933,0.00519307
182.791396,4.94819906,0.00518009
182.891446,4.94832847,0.00516715
182.991496,4.94845755,0.00515425
183.091546,4.94858631,0.00514137
183.191596,4.94871474,0.00512853
183.291646,4.94884286,0.00511571
183.391696,4.94897066,0.00510293
183.491746,4.94909814,0.00509019
183.591796,4.94922530,0.00507747
183.691846,4.94935214,0.00506479
183.791896,4.94947866,0.00505213
183.891946,4.94960487,0.00503951
183.991996,4.94973076,0.00502692
184.092046,4.94985634,0.00501437
184.192096,4.94998161,0.00500184
184.292146,4.95010656,0.00498934
184.392196,4.95023120,0.00497688
184.492246,4.95035553,0.00496445
184.592296,4.95047955,0.00495205
184.692346,4.95060325,0.00493967
184.792396,4.95072665,0.00492733
184.892446,4.95084974,0.00491503
184.992496,4.95097253,0.00490275
185.092546,4.95109501,0.00489050
185.192596,4.95121718,0.00487828
185.292646,4.95133904,0.00486610
185.392696,4.95146060,0.00485394
185.492746,4.95158186,0.00484181
185.592796,4.95170281,0.00482972
185.692846,4.95182347,0.00481765
185.792896,4.95194382,0.00480562
185.892946,4.95206387,0.00479361
185.992996,4.95218362,0.00478164
186.093047,4.95230307,0.00476969
186.193097,4.95242222,0.00475778
186.293147,4.95254108,0.00474589
186.393197,4.95265964,0.00473404
186.493247,4.95277790,0.00472221
186.593297,4.95289587,0.00471041
186.693347,4.95301354,0.00469865
186.793397,4.95313092,0.00468691
186.893447,4.95324800,0.00467520
186.993497,4.95336479,0.00466352
187.093547,4.95348129,0.00465187
187.193597,4.95359750,0.00464025
187.293647,4.95371342,0.00462866
187.393697,4.95382905,0.00461709
187.493747,4.95394439,0.00460556
187.593797,4.95405945,0.00459406
187.693847,4.95417421,0.00458258
187.793897,4.95428869,0.00457113
187.893947,4.95440288,0.00455971
187.993997,4.95451679,0.00454832
188.094047,4.95463041,0.00453696
188.194097,4.95474375,0.00452562
188.294147,4.95485681,0.00451432
188.394197,4.95496958,0.00450304
188.494247,4.95508207,0.00449179
188.594297,4.95519428,0.00448057
188.694347,4.95530621,0.00446938
188.794397,4.95541786,0.00445821
188.894447,4.95552923,0.00444708
188.994497,4.95564033,0.00443597
189.094547,4.95575114,0.00442489
189.194597,4.95586168,0.00441383
189.294647,4.95597195,0.00440281
189.394697,4.95608193,0.00439181
189.494747,4.95619165,0.00438084
189.594797,4.95630109,0.00436989
189.694847,4.95641025,0.00435897
189.794897,4.95651914,0.00434809
189.894947,4.95662776,0.00433722
189.994997,4.95673611,0.00432639
190.095048,4.95684419,0.00431558
190.195098,4.95695200,0.00430480
190.295148,4.95705954,0.00429405
190.395198,4.95716681,0.00428332
190.495248,4.95727381,0.00427262
190.595298,4.95738055,0.00426195
190.695348,4.95748702,0.00425130
190.795398,4.95759322,0.00424068
190.895448,4.95769916,0.00423008
190.995498,4.95780483,0.00421952
191.095548,4.95791024,0.00420898
191.195598,4.95801538,0.00419846
191.295648,4.95812027,0.00418797
191.395698,4.95822489,0.00417751
191.495748,4.95832925,0.00416708
191.595798,4.95843335,0.00415667
191.695848,4.95853719,0.00414628
191.795898,4.95864076,0.00413592
191.895948,4.95874409,0.00412559
191.995998,4.95884715,0.00411529
192.096048,4.95894995,0.00410500
192.196098,4.95905250,0.00409475
192.296148,4.95915479,0.00408452
192.396198,4.95925683,0.00407432
192.496248,4.95935861,0.00406414
192.596298,4.95946014,0.00405399
192.696348,4.95956141,0.00404386
192.796398,4.95966243,0.00403376
192.896448,4.95976320,0.00402368
192.996498,4.95986372,0.00401363
193.096548,4.95996398,0.00400360
193.196598,4.96006400,0.00399360
193.296648,4.96016376,0.00398362
193.396698,4.96026328,0.00397367
193.496748,4.96036255,0.00396375
193.596798,4.96046157,0.00395384
193.696848,4.96056034,0.00394397
193.796898,4.96065886,0.00393411
193.896948,4.96075714,0.00392429
193.996998,4.96085518,0.00391448
194.097049,4.96095296,0.00390470
194.197099,4.96105051,0.00389495
194.297149,4.96114781,0.00388522
194.397199,4.96124487,0.00387551
194.497249,4.96134168,0.00386583
194.597299,4.96143825,0.00385617
194.697349,4.96153459,0.00384654
194.797399,4.96163068,0.00383693
194.897449,4.96172653,0.00382735
194.997499,4.96182214,0.00381779
195.097549,4.96191751,0.00380825
195.197599,4.96201265,0.00379874
195.297649,4.96210755,0.00378925
195.397699,4.96220221,0.00377978
195.497749,4.96229663,0.00377034
195.597799,4.96239082,0.00376092
195.697849,4.96248477,0.00375152
195.797899,4.96257849,0.00374215
195.897949,4.96267197,0.00373280
195.997999,4.96276522,0.00372348
196.098049,4.96285824,0.00371418
196.198099,4.96295102,0.00370490
196.298149,4.96304358,0.00369564
196.398199,4.96313590,0.00368641
196.498249,4.96322799,0.00367720
196.598299,4.96331985,0.00366801
196.698349,4.96341148,0.00365885
196.798399,4.96350289,0.00364971
196.898449,4.96359406,0.00364059
196.998499,4.96368501,0.00363150
197.098549,4.96377573,0.00362243
197.198599,4.96386622,0.00361338
197.298649,4.96395649,0.00360435
197.398699,4.96404653,0.00359535
197.498749,4.96413634,0.00358637
197.598799,4.96422593,0.00357741
197.698849,4.96431530,0.00356847
197.798899,4.96440445,0.00355956
197.898949,4.96449337,0.00355066
197.998999,4.96458207,0.00354179
198.099050,4.96467055,0.00353295
198.199100,4.96475881,0.00352412
198.299150,4.96484684,0.00351532
198.399200,4.96493466,0.00350653
198.499250,4.96502226,0.00349777
198.599300,4.96510964,0.00348904
198.699350,4.96519680,0.00348032
198.799400,4.96528374,0.00347163
198.899450,4.96537046,0.00346295
198.999500,4.96545697,0.00345430
199.099550,4.96554327,0.00344567
199.199600,4.96562934,0.00343707
199.299650,4.96571521,0.00342848
199.399700,4.96580085,0.00341991
199.499750,4.96588629,0.00341137
199.599800,4.96597151,0.00340285
199.699850,4.96605651,0.00339435
199.799900,4.96614131,0.00338587
199.899950,4.96622589,0.00337741
200.000000,4.96631027,0.00336897
